[
  {
    "id": "01",
    "name": "Amazonas"
  },
  {
    "id": "02",
    "name": "Ancash"
  },
  {
    "id": "03",
    "name": "Apurimac"
  },
  {
    "id": "04",
    "name": "Arequipa"
  },
  {
    "id": "05",
    "name": "Ayacucho"
  },
  {
    "id": "06",
    "name": "Cajamarca"
  },
  {
    "id": "24",
    "name": "Callao"
  },
  {
    "id": "07",
    "name": "Cusco"
  },
  {
    "id": "08",
    "name": "Huancavelica"
  },
  {
    "id": "09",
    "name": "Huanuco"
  },
  {
    "id": "10",
    "name": "Ica"
  },
  {
    "id": "11",
    "name": "Junin"
  },
  {
    "id": "12",
    "name": "La Libertad"
  },
  {
    "id": "13",
    "name": "Lambayeque"
  },
  {
    "id": "14",
    "name": "Lima"
  },
  {
    "id": "15",
    "name": "Loreto"
  },
  {
    "id": "16",
    "name": "Madre De Dios"
  },
  {
    "id": "17",
    "name": "Moquegua"
  },
  {
    "id": "18",
    "name": "Pasco"
  },
  {
    "id": "19",
    "name": "Piura"
  },
  {
    "id": "20",
    "name": "Puno"
  },
  {
    "id": "21",
    "name": "San Martin"
  },
  {
    "id": "22",
    "name": "Tacna"
  },
  {
    "id": "23",
    "name": "Tumbes"
  },
  {
    "id": "25",
    "name": "Ucayali"
  }
]